{
  "mean_ms": 58.437926980041084,
  "std_ms": 0.6893866893243045,
  "median_ms": 58.263409500796115,
  "p95_ms": 59.109220150821784,
  "num_samples": 100
}