{
  "mean_ms": 13.255081389984298,
  "std_ms": 1.1008385584935827,
  "median_ms": 12.673926500156085,
  "p95_ms": 14.722746600159553,
  "num_samples": 100
}