{
  "experiment_name": "gnn_baseline_200obj",
  "model_type": "gnn",
  "dataset": "../data/dataset_200_objects.json",
  "hyperparams": {
    "epochs_per_stage": 3,
    "epochs_final": 6,
    "hidden_dim": 128,
    "heads": 4,
    "dropout": 0.1,
    "lr": 0.001,
    "weight_decay": 0.01,
    "val_split": 0.1,
    "accumulate_grad": 8,
    "seed": 0,
    "device": "cpu",
    "num_train_scenarios": 4500,
    "num_val_scenarios": 500,
    "object_count": 200,
    "stages": [
      5,
      10,
      20
    ]
  },
  "final_metrics": {
    "metrics": {
      "mean_cost": 18510.15519661875,
      "mean_gap_vs_greedy": 1.5304220419726888,
      "gap_std": 0.7636857314742932,
      "win_rate": 99.6,
      "mean_gap_vs_ilp": -886.1063398793507,
      "mean_cost_random": 24477.51834598285
    },
    "beam_search": false,
    "inference_stats": {
      "mean_ms": 371.3376364200667,
      "std_ms": 103.82932602090582,
      "median_ms": 327.61449149256805,
      "p95_ms": 628.470227100479,
      "num_samples": 100
    }
  },
  "inference_stats": {
    "mean_ms": 371.3376364200667,
    "std_ms": 103.82932602090582,
    "median_ms": 327.61449149256805,
    "p95_ms": 628.470227100479,
    "num_samples": 100
  },
  "num_epochs": 12
}