{
  "mean_ms": 371.3376364200667,
  "std_ms": 103.82932602090582,
  "median_ms": 327.61449149256805,
  "p95_ms": 628.470227100479,
  "num_samples": 100
}