{
  "N=10": {
    "N": 10,
    "n_scenarios": 50,
    "greedy_mean_cost": 1030.1917048645018,
    "SA": {
      "mean_cost": 960.8521019475031,
      "mean_gap_pct": 6.7307475482069385,
      "win_pct": 100.0,
      "mean_time_s": 1.0005503034591674
    },
    "two_opt": {
      "mean_cost": 959.4749180176291,
      "mean_gap_pct": 6.864429844751461,
      "win_pct": 98.0,
      "mean_time_s": 1.0000161743164062
    }
  },
  "N=40": {
    "N": 40,
    "n_scenarios": 50,
    "greedy_mean_cost": 3907.9270014953613,
    "SA": {
      "mean_cost": 3740.990807798302,
      "mean_gap_pct": 4.271732650921618,
      "win_pct": 100.0,
      "mean_time_s": 0.9999690675735473
    },
    "two_opt": {
      "mean_cost": 3764.8908750813425,
      "mean_gap_pct": 3.660153486983924,
      "win_pct": 100.0,
      "mean_time_s": 1.0008830785751344
    }
  },
  "N=200": {
    "N": 200,
    "n_scenarios": 20,
    "greedy_mean_cost": 18780.937836492063,
    "SA": {
      "mean_cost": 18426.562783658992,
      "mean_gap_pct": 1.8868868845543334,
      "win_pct": 100.0,
      "mean_time_s": 0.9999623656272888
    },
    "two_opt": {
      "mean_cost": 18449.443912759387,
      "mean_gap_pct": 1.765055220451085,
      "win_pct": 100.0,
      "mean_time_s": 1.0822722434997558
    }
  }
}