{
  "10": {
    "n": 10,
    "gnn": {
      "mean_ms": 13.890657229940189,
      "std_ms": 1.686706851318213,
      "median_ms": 13.761440999587649,
      "p95_ms": 16.822756199371725
    },
    "greedy_nc": {
      "mean_ms": 0.030719870046596043,
      "std_ms": 0.00570602215503135,
      "median_ms": 0.03282199986642809,
      "p95_ms": 0.035865000154444715
    },
    "ilp": {
      "mean_ms": 29674.51575909999,
      "std_ms": 46.385988625142616,
      "median_ms": 29680.075536999993,
      "p95_ms": 29734.530907700035,
      "n_solved": 10,
      "n_timeout": 0
    }
  },
  "20": {
    "n": 20,
    "gnn": null,
    "greedy_nc": {
      "mean_ms": 0.06994984004450089,
      "std_ms": 0.005028106712455711,
      "median_ms": 0.06781999991289922,
      "p95_ms": 0.07992915011527657
    },
    "ilp": {
      "mean_ms": 23861.45601469998,
      "std_ms": 130.4625077469815,
      "median_ms": 23890.365789000043,
      "p95_ms": 24001.01715490009,
      "n_solved": 10,
      "n_timeout": 0
    }
  },
  "40": {
    "n": 40,
    "gnn": {
      "mean_ms": 66.8765387399344,
      "std_ms": 5.38125003205379,
      "median_ms": 65.24257749970275,
      "p95_ms": 77.91248280009313
    },
    "greedy_nc": {
      "mean_ms": 0.29963734999000735,
      "std_ms": 0.08395820644236698,
      "median_ms": 0.2600989996608405,
      "p95_ms": 0.477816550346688
    },
    "ilp": {
      "mean_ms": 37324.98876000009,
      "std_ms": 775.7009214975163,
      "median_ms": 37150.33879300063,
      "p95_ms": 38651.356098000266,
      "n_solved": 10,
      "n_timeout": 0
    }
  },
  "200": {
    "n": 200,
    "gnn": {
      "mean_ms": 625.7013927999924,
      "std_ms": 11.936392963712258,
      "median_ms": 622.8380354996261,
      "p95_ms": 648.6719825499677
    },
    "greedy_nc": {
      "mean_ms": 7.1610660899841605,
      "std_ms": 1.4084940967445738,
      "median_ms": 6.503554499886377,
      "p95_ms": 10.760633549807608
    },
    "ilp": {
      "note": "intractable"
    }
  }
}