{
  "mean_ms": 14.868314549930801,
  "std_ms": 2.946222708428404,
  "median_ms": 13.52649799991923,
  "p95_ms": 19.347835200460388,
  "num_samples": 100
}